id,itemCode,itemName,projectCode,machineName,old_prodOrder,matched_prodOrder,status,source,matched_project
item-1,B231221K131100,2-58 แกนยึด Encoder TRD-NH1000-RZ KOYO,BDM250044,MDPB-26-0165,PD2400326,,UNMATCHED (Standard Buy Part),,
item-2,Z670215Z011123,1-43 แกนยึดเฟืองโซ่ ตัวล่างคู่,BDM250015,MDPB-26-0099,PD2603204-3207,PD2603206,MATCHED,Data (Exact Proj+Item),BDM250015
item-3,Z670215Z011129,1-32 ปลอกดัน MC ไนล่อน,BDM250015,MDPB-26-0099,PD2603204-3207,PD2603205,MATCHED,Data (Exact Proj+Item),BDM250015
item-4,Z670215Z011125,1-46 BUSH เฟืองโซ่ล่าง,BDM250015,MDPB-26-0099,PD2603204-3207,PD2603204,MATCHED,Data (Exact Proj+Item),BDM250015
item-5,Z930103A011119,1-44 แกนยึดเฟืองโซ่ ตัวล่างเดี่ยว,BDM250015,MDPB-26-0099,BM2600186,PD2603207,MATCHED,Data (Exact Proj+Item),BDM250015
item-6,2090805102,เฟืองโซ่ คู่มีดุม 2 ด้าน #60*15ฟัน DWG.Q0103-01-04,BDM250015,MDPB-26-0099,BM2600186,,UNMATCHED (Standard Buy Part),,
item-7,2430320001,ลูกปืน เม็ดกลม 60 06 ZZ NTN,BDM250015,MDPB-26-0099,BM2600186,"PD2606597, PD2604928, PD2520991 (+2 คำสั่งผลิต)",MATCHED,Plan+Mat (Item/Mat Code),SO2500003
item-8,2090804102,เฟืองโซ่ คู่มีดุม 2 ด้าน #60*19ฟัน DWG.Q0103-01-05,BDM250015,MDPB-26-0099,BM2600186,,UNMATCHED (Standard Buy Part),,
item-9,2430110003,ลูกปืน ROLLER NUP 208 EPC SKF,BDM250015,MDPB-26-0099,BM2600186,PD2521483,MATCHED,Plan+Mat (Item/Mat Code),
item-10,B631526A011303,1-37 Shaft for Drive Wheel 1,BDM26002,MDPB-26-0063,PD2605058-PD2605060,,UNMATCHED (Standard Buy Part),,
item-11,B631526A011304,1-38 Shaft for Idel Wheel 1,BDM26002,MDPB-26-0063,,PD2604595,MATCHED,Data (Item Code),SO2600001
item-12,B631526A011313,1-36 Wheel,BDM26002,MDPB-26-0063,,,UNMATCHED (Standard Buy Part),,
item-13,2T20200000,ตลับลูกปืน 22220EAD1C3,BDM26002,MDPB-26-0063,,"PD2604568, PD2604567, PD2601355 (+3 คำสั่งผลิต)",MATCHED,Plan+Mat (Item/Mat Code),MA2400053
item-14,2C00800001,POWER LOCK PL120X165 AD-N TSUBAKI,BDM26002,MDPB-26-0063,,"PD2604568, PD2604567, PD2601355 (+3 คำสั่งผลิต)",MATCHED,Plan+Mat (Item/Mat Code),MA2400053
item-15,2A01500001,LOCK WASHER AW20 NTN,BDM26002,MDPB-26-0063,,"PD2604568, PD2604567, PD2601355 (+3 คำสั่งผลิต)",MATCHED,Plan+Mat (Item/Mat Code),MA2400053
item-16,2991400001,LOCK NUT AN20 NTN,BDM26002,MDPB-26-0063,,"PD2604568, PD2604567, PD2601355 (+3 คำสั่งผลิต)",MATCHED,Plan+Mat (Item/Mat Code),MA2400053
item-17,2234100000,ซีลน้ำมัน TC 120-160-12 NBR,BDM26002,MDPB-26-0063,,"PD2604568, PD2604567, PD2601355 (+3 คำสั่งผลิต)",MATCHED,Plan+Mat (Item/Mat Code),MA2400053
item-18,2480406400,สกรูหัวจม M8x1.25 x30 mm รมดำ แข็ง 12,BDM26002,MDPB-26-0063,,,UNMATCHED (Standard Buy Part),,
item-19,2480813100,สกรูหัวจม M16X2 X60 MM ชุบซิงค์ แข็ง12.9,BDM26002,MDPB-26-0063,,"PD2604566, PD2601355, PD2601354 (+2 คำสั่งผลิต)",MATCHED,Plan+Mat (Item/Mat Code),MA2400053
item-20,Z930103A011142,2-19 ชุดล้อประคองกลาง,BDM250028,MDBP-26-0126,PD2604773,,UNMATCHED (Standard Buy Part),,
item-21,B9420230499202,A0001-00-505 ประกอบล้อประครองบน,BDM250028,MDBP-26-0126,PD2604772,,UNMATCHED (Standard Buy Part),,
item-22,7020204104,เทปกันลื่น สีดำ ANTI SLIP TAPE หน้ากว้าง 50CM. ยาว 18M,BDM250028,MDBP-26-0126,,,UNMATCHED (Standard Buy Part),,
item-23,E010102001,น้ำมัน เกียร์ # 220 บรรจุ 20ลิตร Shell Omala,BDM250028,MDBP-26-0126,,,UNMATCHED (Standard Buy Part),,
item-24,E010104001,น้ำมัน เกียร์ SHELL OMALA S2 GX 150 บรรจุ 20ลิตร,BDM250028,MDBP-26-0126,,,UNMATCHED (Standard Buy Part),,
item-25,F370801001,"พัดลมระบายอากาศ 4.5"" รุ่น WB123H7PS-A2L-G WINDSTORM",BDM250028,MDBP-26-0126,,,UNMATCHED (Standard Buy Part),,
item-26,F363805003,"อินเวอร์เตอร์ FR-E840-1.5K-1 E800 Series, 400V, 1.5Kw MITSUBISHI",BDM250028,MDBP-26-0126,,"PD2607123, PD2607122, PD2602179 (+4 คำสั่งผลิต)",MATCHED,Plan+Mat (Item/Mat Code),SO2500003
item-27,F340208000,เซนเซอร์ Reflextor PRK5B/2 (รุ่นใหม่) + TKS 60X40,BDM250028,MDBP-26-0126,,"PD2607315, PD2607314, PD2602456 (+3 คำสั่งผลิต)",MATCHED,Plan+Mat (Item/Mat Code),SO2500003
item-28,FI50100002,แผ่นสะท้อน TKS 40X60 LEUZE,BDM250028,MDBP-26-0126,,,UNMATCHED (Standard Buy Part),,
item-29,F340133002,เซนเซอร์ แบบ Photo LS5B/9 PN : 50145238 + LE5B/N PN : 50145228,BDM250028,MDBP-26-0126,,,UNMATCHED (Standard Buy Part),,
item-30,B942023Z011107,EN-01-00 ชุดล้อขับ SRM 2ARM SD,BDM260010,MDPB-26-0112,PD2603618-PD2603636,PD2603618,MATCHED,Data (Exact Proj+Item),BDM260010
item-31,B942023Z011108,EN-02-00 ชุดล้อตาม SRM 2ARM SD,BDM260010,MDPB-26-0112,,PD2603619,MATCHED,Data (Exact Proj+Item),BDM260010
item-32,B9420230100411,A0001-11-031 แผ่นปิดลูกปืนล้อ,BDM260010,MDPB-26-0112,,PD2603620,MATCHED,Data (Exact Proj+Item),BDM260010
item-33,B9420230100412,A0001-03-028 แผ่นปิดปลายเพลา,BDM260010,MDPB-26-0112,,PD2603621,MATCHED,Data (Exact Proj+Item),BDM260010
item-34,B9420230100413,A0001-00-133 แผ่นล็อคน๊อตคลาย,BDM260010,MDPB-26-0112,,PD2603622,MATCHED,Data (Exact Proj+Item),BDM260010
item-35,B9420230100421,A0001-11-115 ตุ๊กตาลูกปืนล้อ 1 ( Rev.2 ),BDM260010,MDPB-26-0112,,PD2603623,MATCHED,Data (Exact Proj+Item),BDM260010
item-36,B9420230100422,A0001-11-116 ตุ๊กตาลูกปืนล้อ 2 ( Rev.2 ),BDM260010,MDPB-26-0112,,PD2603624,MATCHED,Data (Exact Proj+Item),BDM260010
item-37,B9420230105201,A0001-11-105 ประกอบล้อหลังกับเพลา,BDM260010,MDPB-26-0112,,PD2603625,MATCHED,Data (Exact Proj+Item),BDM260010
item-38,B9420230106201,A0001-11-106 ประกอบล้อหน้ากับเพลา,BDM260010,MDPB-26-0112,,PD2603626,MATCHED,Data (Exact Proj+Item),BDM260010
item-39,B942023Z011109,A0001-13-01 แผ่นปิดลูกปืนล้อ,BDM260010,MDPB-26-0112,,PD2603627,MATCHED,Data (Exact Proj+Item),BDM260010
item-40,B942023Z011110,A0001-13-02 แผ่นเสริมซีลน้ำมัน,BDM260010,MDPB-26-0112,,PD2603628,MATCHED,Data (Exact Proj+Item),BDM260010
item-41,B942023Z011111,A0001-13-03 BUSH เสริมซีลน้ำมัน,BDM260010,MDPB-26-0112,,PD2603629,MATCHED,Data (Exact Proj+Item),BDM260010
item-42,B942023Z011113,A0001-13-05 ปลอกเพลาขับแกน X,BDM260010,MDPB-26-0112,,PD2603630,MATCHED,Data (Exact Proj+Item),BDM260010
item-43,B9420230105401,A0001-11-003 เพลาขับแกน X,BDM260010,MDPB-26-0112,,PD2603631,MATCHED,Data (Exact Proj+Item),BDM260010
item-44,B9420230105403,A0001-11-005 ลิ่ม 25x14x55,BDM260010,MDPB-26-0112,,PD2603632,MATCHED,Data (Exact Proj+Item),BDM260010
item-45,B9420230105402,A0001-11-004 ล้อหลัง,BDM260010,MDPB-26-0112,,PD2603633,MATCHED,Data (Exact Proj+Item),BDM260010
item-46,B9420230100403,A0001-00-106 ลื่มใหม่,BDM260010,MDPB-26-0112,,PD2603634,MATCHED,Data (Exact Proj+Item),BDM260010
item-47,B9420230106401,A0001-11-006 เพลาล้อหน้า,BDM260010,MDPB-26-0112,,PD2603635,MATCHED,Data (Exact Proj+Item),BDM260010
item-48,B9420230106402,A0001-11-007 ล้อหน้า,BDM260010,MDPB-26-0112,,PD2603636,MATCHED,Data (Exact Proj+Item),BDM260010
item-49,Z930103A011132,2-24 ชุดล้อข้าง,BDM250046,MDPB-26-0139,,PD2607676,MATCHED,Data (Item Code),BDM250040
item-50,Z930106A021102,1-17 แบบประกอบล้อหลัง TSPK,BDM250046,MDPB-26-0139,,,UNMATCHED (Standard Buy Part),,
item-51,Z930101A011128,1-15 แบบประกอบล้อหน้าBV(แบบใหม่),BDM250046,MDPB-26-0139,,"PD2606955, PD2602464, PD2600941",MATCHED,Data (Item Code),BDM250015
item-52,Z680000Z021101,Plate OD.85 mm,BDM250046,MDPB-26-0139,,PD2521479,MATCHED,Data (Item Code),
item-53,Z670215Z091106,Plate Shim ID.65.2 OD.85 mm.( 0.5 mm.),BDM250046,MDPB-26-0139,,"PD2607608, PD2521480",MATCHED,Data (Item Code),
item-54,Z930103A011131,ล้อประคอง Service 28-May-21,BDM250046,MDPB-26-0139,,"PD2602471, PD2600944",MATCHED,Data (Item Code),BDM250015
item-55,Z680000Z071000,A0001-00-518 ประกอบ ฐานเฟืองโซ่คู่,BDM250046,MDPB-26-0139,,,UNMATCHED (Standard Buy Part),,
item-56,Z680000Z081000,A0001-00-519 ประกอบ ฐานเฟืองโซ่เดี่ยว,BDM250046,MDPB-26-0139,,,UNMATCHED (Standard Buy Part),,
item-57,Z680000Z131000,1-213 ชุดเฟืองโซ่เสาหลัง 11 ฟัน,BDM250046,MDPB-26-0139,,,UNMATCHED (Standard Buy Part),,
item-58,Z680000Z121000,2-54 ชุดแกนล็อคโซ่บน,BDM250046,MDPB-26-0139,,,UNMATCHED (Standard Buy Part),,
item-59,Z680000Z111000,2-53 ชุดแกนล็อคโซ่ล่าง,BDM250046,MDPB-26-0139,,,UNMATCHED (Standard Buy Part),,
item-60,Z680000Z141000,1-214 ชุดเฟืองโซ่เสาหลัง 15 ฟัน,BDM250046,MDPB-26-0139,,,UNMATCHED (Standard Buy Part),,
item-61,Z680000Z101000,1-212 ชุดฐานเฟืองโซ่ตัวบนเดี่ยว,BDM250046,MDPB-26-0139,,,UNMATCHED (Standard Buy Part),,
item-62,Z680000Z091000,1-211 ชุดฐานเฟืองโซ่ตัวบนคู่,BDM250046,MDPB-26-0139,,,UNMATCHED (Standard Buy Part),,
item-63,FI50100002,แผ่นสะท้อน TKS 40X60 LEUZE,BDM250046,MDPB-26-0139,,,UNMATCHED (Standard Buy Part),,
item-64,2231601000,ซีลน้ำมัน TC 65x100x8 NRB,BDM250046,MDPB-26-0139,,"PD2606947, PD2602463, PD2600940 (+2 คำสั่งผลิต)",MATCHED,Plan+Mat (Item/Mat Code),
item-65,2430101001,ลูกปืน ROLLER 21 313 D1 NTN,BDM250046,MDPB-26-0139,,"PD2606947, PD2602463, PD2600940 (+2 คำสั่งผลิต)",MATCHED,Plan+Mat (Item/Mat Code),
item-66,2162401002,"โซ่เฟือง RS100-2,P=1.1/4"" COTTERED CHAIN TSUBAKI",BDM250046,MDPB-26-0139,,,UNMATCHED (Standard Buy Part),,
item-67,2181901001,"ข้อต่อโซ่ RS100-2,P=1.1/4"" CONNECTING LINK TSUBAK",BDM250046,MDPB-26-0139,,,UNMATCHED (Standard Buy Part),,
item-68,7020204104,เทปกันลื่น สีดำ ANTI SLIP TAPE หน้ากว้าง 50CM. ยา,BDM250046,MDPB-26-0139,,,UNMATCHED (Standard Buy Part),,
item-69,F370801001,"พัดลมระบายอากาศ 4.5"" รุ่น WB123H7PS-A2L-G WINDSTO",BDM250046,MDPB-26-0139,,,UNMATCHED (Standard Buy Part),,
item-70,2G10500000,DISC SPRING SIZE : 12.5 X 6.2 X 0.7,BDM250046,MDPB-26-0139,,,UNMATCHED (Standard Buy Part),,
item-71,7010201002,ปูนซิเมนต์ NON-SHING SILKA GROUT 212-11 25KGS/ถุง,BDM250046,MDPB-26-0139,,,UNMATCHED (Standard Buy Part),,
item-72,F363805003,"อินเวอร์เตอร์ FR-E840-1.5K-1 E800 Series, 400V, 1",BDM250046,MDPB-26-0139,,"PD2607123, PD2607122, PD2602179 (+4 คำสั่งผลิต)",MATCHED,Plan+Mat (Item/Mat Code),SO2500003
item-73,2430508000,ลูกปืน CAM FOLLOWER มีซีลกันฝุ่น VBUUR CF6-D16,BDM250046,MDPB-26-0139,,,UNMATCHED (Standard Buy Part),,
item-74,F720102100,สายสัญญาณ LIYY:PVC 16x0.25 SQMM แกนไม่ซ้ำสี ไม่มีซ,BDM250046,MDPB-26-0139,,"PD2607596, PD2604673, PD2602456 (+3 คำสั่งผลิต)",MATCHED,Plan+Mat (Item/Mat Code),SO2500003
item-75,Z6C0112A021102,A0001-00-105 ลิ่ม 20x12x60,BDM250024,MDPB-26-0129,PD2604656-PD2604671,PD2607602,MATCHED,Data (Item Code),SR2600017
item-76,Z6C0112A021103,A0001-03-013 เพลาขับแกน X,BDM250024,MDPB-26-0129,,PD2607603,MATCHED,Data (Item Code),SR2600017
item-77,Z6C0112A021104,A0001-03-015 ล้อหลัง,BDM250024,MDPB-26-0129,,PD2607604,MATCHED,Data (Item Code),SR2600017
item-78,Z6C0112A021105,A0001-00-106 ลื่มใหม่,BDM250024,MDPB-26-0129,,PD2607605,MATCHED,Data (Item Code),SR2600017
item-79,Z6C0112A021101,A0001-03-108 ประกอบล้อหลังกับเพลา,BDM250024,MDPB-26-0129,,PD2607607,MATCHED,Data (Item Code),SR2600017
item-80,Z6C0112A011102,A0001-03-029 เพลาล้อหน้า,BDM250024,MDPB-26-0129,,PD2607600,MATCHED,Data (Item Code),SR2600017
item-81,Z6C0112A011103,A0001-03-030 ล้อหน้า,BDM250024,MDPB-26-0129,,PD2607601,MATCHED,Data (Item Code),SR2600017
item-82,Z6C0112A011101,A0001-03-109 ประกอบล้อหน้ากับเพลา,BDM250024,MDPB-26-0129,,PD2607606,MATCHED,Data (Item Code),SR2600017
item-83,Z670215Z091106,Plate Shim ID.65.2 OD.85 mm.( 0.5 mm.),BDM250024,MDPB-26-0129,,"PD2607608, PD2521480",MATCHED,Data (Item Code),
item-84,Z680000Z021101,Plate OD.85 mm,BDM250024,MDPB-26-0129,,PD2521479,MATCHED,Data (Item Code),
item-85,B9420230107402,A0001-05-054 สลักล้อประครองหน้า,BDM250024,MDPB-26-0129,,PD2607609,MATCHED,Data (Item Code),SR2600017
item-86,B9420230107404,A0001-00-119 ฝาปิดล้อประครองข้าง,BDM250024,MDPB-26-0129,,PD2607610,MATCHED,Data (Item Code),SR2600017
item-87,B942023Z041101,A0001-05-118 BUSH สลักล้อประคอง,BDM250024,MDPB-26-0129,,PD2607611,MATCHED,Data (Item Code),SR2600017
item-88,B942023Z041102,A0001-05-118 BUSH ลูกปืน,BDM250024,MDPB-26-0129,,"PD2607612, PD2602472, PD2600943",MATCHED,Data (Item Code),BDM250015
item-89,Z6F0100A011103,A0001-05-114-1 ประกอบล้อประคองล่าง,BDM250024,MDPB-26-0129,,"PD2607613, PD2603208",MATCHED,Data (Item Code),
item-90,Z930103A011124,1-23 ล้อประคองหน้า,BDM250024,MDPB-26-0129,,"PD2607614, PD2602474, PD2600946",MATCHED,Data (Item Code),BDM250015
item-91,B942023Z011108,EN-02-00 ชุดล้อตาม SRM 2ARM SD,BDM250041,MDPB-26-0138,PD2605586,PD2603619,MATCHED,Data (Item Code),BDM260010
item-92,B942023Z011107,EN-01-00 ชุดล้อขับ SRM 2ARM SD,BDM250041,MDPB-26-0138,PD2605587,PD2603618,MATCHED,Data (Item Code),BDM260010
item-93,Z6F0100A011103,A0001-05-114-1 ประกอบล้อประคองล่าง,BDM250041,MDPB-26-0138,PD2605588,"PD2607613, PD2603208",MATCHED,Data (Item Code),
item-94,B9420230100411,A0001-11-031 แผ่นปิดลูกปืนล้อ,BDM250041,MDPB-26-0138,PD2605589,PD2603620,MATCHED,Data (Item Code),BDM260010
item-95,B9420230100413,A0001-00-133 แผ่นล็อคน๊อตคลาย,BDM250041,MDPB-26-0138,PD2605590,PD2603622,MATCHED,Data (Item Code),BDM260010
item-96,B9420230106201,A0001-11-106 ประกอบล้อหน้ากับเพลา,BDM250041,MDPB-26-0138,PD2605591,PD2603626,MATCHED,Data (Item Code),BDM260010
item-97,B942023Z011109,A0001-13-01 แผ่นปิดลูกปืนล้อ,BDM250041,MDPB-26-0138,PD2605592,PD2603627,MATCHED,Data (Item Code),BDM260010
item-98,B9420230106401,A0001-11-006 เพลาล้อหน้า,BDM250041,MDPB-26-0138,PD2605593,PD2603635,MATCHED,Data (Item Code),BDM260010
item-99,B9420230106402,A0001-11-007 ล้อหน้า,BDM250041,MDPB-26-0138,PD2605594,PD2603636,MATCHED,Data (Item Code),BDM260010
item-100,B9420230100412,A0001-03-028 แผ่นปิดปลายเพลา,BDM250041,MDPB-26-0138,PD2605595,PD2603621,MATCHED,Data (Item Code),BDM260010
item-101,B9420230100421,A0001-11-115 ตุ๊กตาลูกปืนล้อ 1 ( Rev.2 ),BDM250041,MDPB-26-0138,PD2605596,PD2603623,MATCHED,Data (Item Code),BDM260010
item-102,B9420230100422,A0001-11-116 ตุ๊กตาลูกปืนล้อ 2 ( Rev.2 ),BDM250041,MDPB-26-0138,PD2605597,PD2603624,MATCHED,Data (Item Code),BDM260010
item-103,B9420230105201,A0001-11-105 ประกอบล้อหลังกับเพลา,BDM250041,MDPB-26-0138,PD2605598,PD2603625,MATCHED,Data (Item Code),BDM260010
item-104,B942023Z011110,A0001-13-02 แผ่นเสริมซีลน้ำมัน,BDM250041,MDPB-26-0138,PD2605599,PD2603628,MATCHED,Data (Item Code),BDM260010
item-105,B942023Z011111,A0001-13-03 BUSH เสริมซีลน้ำมัน,BDM250041,MDPB-26-0138,PD2605600,PD2603629,MATCHED,Data (Item Code),BDM260010
item-106,B942023Z011113,A0001-13-05 ปลอกเพลาขับแกน X,BDM250041,MDPB-26-0138,PD2605601,PD2603630,MATCHED,Data (Item Code),BDM260010
item-107,B9420230105401,A0001-11-003 เพลาขับแกน X,BDM250041,MDPB-26-0138,PD2605602,PD2603631,MATCHED,Data (Item Code),BDM260010
item-108,B9420230105403,A0001-11-005 ลิ่ม 25x14x55,BDM250041,MDPB-26-0138,PD2605603,PD2603632,MATCHED,Data (Item Code),BDM260010
item-109,B9420230105402,A0001-11-004 ล้อหลัง,BDM250041,MDPB-26-0138,PD2605604,PD2603633,MATCHED,Data (Item Code),BDM260010
item-110,B9420230100403,A0001-00-106 ลื่มใหม่,BDM250041,MDPB-26-0138,PD2605605,PD2603634,MATCHED,Data (Item Code),BDM260010
item-111,Z930103A011124,1-23 ล้อประคองหน้า,BDM250041,MDPB-26-0138,PD2605606,"PD2607614, PD2602474, PD2600946",MATCHED,Data (Item Code),BDM250015
item-112,B9420230107404,A0001-00-119 ฝาปิดล้อประครองข้าง,BDM250041,MDPB-26-0138,PD2605607,PD2607610,MATCHED,Data (Item Code),SR2600017
item-113,B9420230107402,A0001-05-054 สลักล้อประครองหน้า,BDM250041,MDPB-26-0138,PD2605608,PD2607609,MATCHED,Data (Item Code),SR2600017
item-114,B942023Z041102,A0001-05-118 BUSH ลูกปืน,BDM250041,MDPB-26-0138,PD2605609,"PD2607612, PD2602472, PD2600943",MATCHED,Data (Item Code),BDM250015
item-115,B942023Z041101,A0001-05-118 BUSH สลักล้อประคอง,BDM250041,MDPB-26-0138,PD2605610,PD2607611,MATCHED,Data (Item Code),SR2600017
item-116,B763026Z311000,Assy support drive wheel_Modify for Motor Rossi,คลัง BKK,MDPB-26-0157-1,PD2601354-PD2601382,"PD2601354, PD2518647",MATCHED,Data (Item Code),MA2400053
item-117,B763026Z321000,Assy support wheel_Modify for Motor Rossi,คลัง BKK,MDPB-26-0157-1,,"PD2601355, PD2518648",MATCHED,Data (Item Code),MA2400053
item-118,B131012A011600,1-48-Support Disc spring,คลัง BKK,MDPB-26-0157-1,,PD2601356,MATCHED,Data (Item Code),MA2500047
item-119,B631526A011311,1-49 Support guide wheel,คลัง BKK,MDPB-26-0157-1,,"PD2601357, PD2518649",MATCHED,Data (Item Code),MA2400053
item-120,B763026A021600,1-71 Bush gear,คลัง BKK,MDPB-26-0157-1,,"PD2601358, PD2518650",MATCHED,Data (Item Code),MA2400053
item-121,B763026A021700,1-72 Torque arm,คลัง BKK,MDPB-26-0157-1,,"PD2601359, PD2518651",MATCHED,Data (Item Code),MA2400053
item-122,B763026A021800,1-77 Cover gear X,คลัง BKK,MDPB-26-0157-1,,"PD2601360, PD2518652",MATCHED,Data (Item Code),MA2400053
item-123,B763026A031600,1-24 Bush wheel 3,คลัง BKK,MDPB-26-0157-1,,"PD2601361, PD2519672, PD2519572",MATCHED,Data (Item Code),MA2400053
item-124,B763026A031700,1-25 Bush wheel 4,คลัง BKK,MDPB-26-0157-1,,"PD2601362, PD2519573",MATCHED,Data (Item Code),MA2400053
item-125,B763026A061300,1-83 Assy Torque arm,คลัง BKK,MDPB-26-0157-1,,"PD2601363, PD2518653",MATCHED,Data (Item Code),MA2400053
item-126,B763026Z171100,1-8 Weld support wheel_Modify PH,คลัง BKK,MDPB-26-0157-1,,"PD2601364, PD2518654",MATCHED,Data (Item Code),MA2400053
item-127,B763026Z171200,1-59 Weld Support Bottom Guide Wheel 2_Modify PH,คลัง BKK,MDPB-26-0157-1,,"PD2601365, PD2518655",MATCHED,Data (Item Code),MA2400053
item-128,B763026Z181100,1-8.4 Weld support wheel_Modify PH-02,คลัง BKK,MDPB-26-0157-1,,"PD2601366, PD2518656",MATCHED,Data (Item Code),MA2400053
item-129,B763026Z281000,1-44 Assy Bottom Guide Wheel-V2,คลัง BKK,MDPB-26-0157-1,,"PD2604592, PD2601367, PD2600026 (+1 คำสั่งผลิต)",MATCHED,Data (Item Code),MA2400053
item-130,B763026A024701,1-73 Plate torque arm 1,คลัง BKK,MDPB-26-0157-1,,"PD2601368, PD2518658",MATCHED,Data (Item Code),MA2400053
item-131,B763026A024703,1-75 Plate torque arm 3,คลัง BKK,MDPB-26-0157-1,,"PD2601369, PD2518659",MATCHED,Data (Item Code),MA2400053
item-132,B763026A024702,1-74 Plate torque arm 2,คลัง BKK,MDPB-26-0157-1,,"PD2601370, PD2518660",MATCHED,Data (Item Code),MA2400053
item-133,B763026A061301,1-84 Torque arm 2,คลัง BKK,MDPB-26-0157-1,,"PD2601371, PD2518661",MATCHED,Data (Item Code),MA2400053
item-134,B637521A01133B,1-27 Reaction bolt,คลัง BKK,MDPB-26-0157-1,,"PD2601372, PD2518662",MATCHED,Data (Item Code),MA2400053
item-135,B637521A01133C,1-28 Bush reaction bolt 1,คลัง BKK,MDPB-26-0157-1,,"PD2601373, PD2518663",MATCHED,Data (Item Code),MA2400053
item-136,B637521A01133D,1-29 Bush reaction bolt 2,คลัง BKK,MDPB-26-0157-1,,"PD2601374, PD2518664",MATCHED,Data (Item Code),MA2400053
item-137,B763026Z174101,Plate Merg-01,คลัง BKK,MDPB-26-0157-1,,"PD2601375, PD2518665",MATCHED,Data (Item Code),MA2400053
item-138,B631526A0143BE,1-35 Plate support wheel 5,คลัง BKK,MDPB-26-0157-1,,"PD2601376, PD2518666",MATCHED,Data (Item Code),MA2400053
item-139,B763026Z174102,1-34 Plate support wheel 4_Modify PH,คลัง BKK,MDPB-26-0157-1,,"PD2601377, PD2518667",MATCHED,Data (Item Code),MA2400053
item-140,B763026Z281100,1-45 Guide wheel-V2,คลัง BKK,MDPB-26-0157-1,,"PD2604607, PD2601378, PD2600027 (+1 คำสั่งผลิต)",MATCHED,Data (Item Code),MA2400053
item-141,B763026Z281200,1-46 Shaft guide wheel-V2,คลัง BKK,MDPB-26-0157-1,,"PD2604608, PD2601379, PD2600028 (+1 คำสั่งผลิต)",MATCHED,Data (Item Code),MA2400053
item-142,B763026Z281300,1-47 Bush guide wheel 1-V2,คลัง BKK,MDPB-26-0157-1,,"PD2604609, PD2601380, PD2600029 (+1 คำสั่งผลิต)",MATCHED,Data (Item Code),MA2400053
item-143,B763026Z281400,1-48 Bush guide wheel 2-V2,คลัง BKK,MDPB-26-0157-1,,"PD2604610, PD2601381, PD2600030 (+1 คำสั่งผลิต)",MATCHED,Data (Item Code),MA2400053
item-144,B763026Z281500,Plate cover,คลัง BKK,MDPB-26-0157-1,,"PD2604611, PD2601382, PD2600031 (+1 คำสั่งผลิต)",MATCHED,Data (Item Code),MA2400053
item-145,B9420230106201,A0001-11-106 ประกอบล้อหน้ากับเพลา,BDM250037,MDPB-26-0149,PD2605676 - PD2605685,PD2603626,MATCHED,Data (Item Code),BDM260010
item-146,B9420230106401,A0001-11-006 เพลาล้อหน้า,BDM250037,MDPB-26-0149,,PD2603635,MATCHED,Data (Item Code),BDM260010
item-147,B9420230106402,A0001-11-007 ล้อหน้า,BDM250037,MDPB-26-0149,,PD2603636,MATCHED,Data (Item Code),BDM260010
item-148,B9420230105201,A0001-11-105 ประกอบล้อหลังกับเพลา,BDM250037,MDPB-26-0149,,PD2603625,MATCHED,Data (Item Code),BDM260010
item-149,B9420230100403,A0001-00-106 ลื่มใหม่,BDM250037,MDPB-26-0149,,PD2603634,MATCHED,Data (Item Code),BDM260010
item-150,B9420230105401,A0001-11-003 เพลาขับแกน X,BDM250037,MDPB-26-0149,,PD2603631,MATCHED,Data (Item Code),BDM260010
item-151,B9420230105402,A0001-11-004 ล้อหลัง,BDM250037,MDPB-26-0149,,PD2603633,MATCHED,Data (Item Code),BDM260010
item-152,B9420230105403,A0001-11-005 ลิ่ม 25x14x55,BDM250037,MDPB-26-0149,,PD2603632,MATCHED,Data (Item Code),BDM260010
item-153,B942023Z011110,A0001-13-02 แผ่นเสริมซีลน้ำมัน,BDM250037,MDPB-26-0149,,PD2603628,MATCHED,Data (Item Code),BDM260010
item-154,B942023Z011111,A0001-13-03 BUSH เสริมซีลน้ำมัน,BDM250037,MDPB-26-0149,,PD2603629,MATCHED,Data (Item Code),BDM260010
item-155,Z640000Z011101,4-06 MC NYLON 1520 mm,BDM250040,MDPB-26-0154,PD2606923 - PD2606957,PD2606923,MATCHED,Data (Exact Proj+Item),BDM250040
item-156,Z640000Z011102,6-32 MC NYLON,BDM250040,MDPB-26-0154,,PD2606924,MATCHED,Data (Exact Proj+Item),BDM250040
item-157,Z640000Z061000,9-37 แบบประกอบเกลียวตัวเมีย Tr36,BDM250040,MDPB-26-0154,,PD2606925,MATCHED,Data (Exact Proj+Item),BDM250040
item-158,Z640000Z131000,6-34 Mc Nylon 550 mm,BDM250040,MDPB-26-0154,,PD2606926,MATCHED,Data (Exact Proj+Item),BDM250040
item-159,Z640000Z161000,10-06 MC NYLON 700 mm,BDM250040,MDPB-26-0154,,PD2606927,MATCHED,Data (Exact Proj+Item),BDM250040
item-160,Z640000Z171000,12-06 MC NYLON 285 mm,BDM250040,MDPB-26-0154,,PD2606928,MATCHED,Data (Exact Proj+Item),BDM250040
item-161,Z640000Z181000,ชุดล้อขับ SRM BOT,BDM250040,MDPB-26-0154,,PD2606929,MATCHED,Data (Exact Proj+Item),BDM250040
item-162,Z640000Z061100,9-35 เกลียวตัวเมีย Tr36x10,BDM250040,MDPB-26-0154,,PD2606930,MATCHED,Data (Exact Proj+Item),BDM250040
item-163,Z640000Z061200,9-55 ฝาปิดเกลียวทองเหลือง,BDM250040,MDPB-26-0154,,PD2606931,MATCHED,Data (Exact Proj+Item),BDM250040
item-164,Z640000Z061300,9-57 ฝาปิดเกลียวทองเหลือง 2,BDM250040,MDPB-26-0154,,PD2606932,MATCHED,Data (Exact Proj+Item),BDM250040
item-165,Z640000Z061400,9-64 แผ่นชิมสเตอร์,BDM250040,MDPB-26-0154,,PD2606933,MATCHED,Data (Exact Proj+Item),BDM250040
item-166,Z640000Z061500,9-62 เฟืองโซ่ไม่มีดุมเบอร์60-20 ฟัน,BDM250040,MDPB-26-0154,,PD2606934,MATCHED,Data (Exact Proj+Item),BDM250040
item-167,Z640000Z061101,9-35 เกลียวทองเหลือง-1,BDM250040,MDPB-26-0154,,PD2606935,MATCHED,Data (Exact Proj+Item),BDM250040
item-168,Z640000Z061102,9-35 เกลียวทองเหลือง,BDM250040,MDPB-26-0154,,PD2606936,MATCHED,Data (Exact Proj+Item),BDM250040
item-169,Z630312Z121000,2-34 แบบประกอบชุดตรึงโซ่ตัวบน RS #60-2,BDM250040,MDPB-26-0154,,PD2606937,MATCHED,Data (Exact Proj+Item),BDM250040
item-170,Z630312Z121100,2-36 แบบเชื่อมปลอกสปริงตึงโซ่ 60,BDM250040,MDPB-26-0154,,PD2606938,MATCHED,Data (Exact Proj+Item),BDM250040
item-171,Z630312Z121200,2-35 แกนล็อคโซ่บน Tsubaki RS #60-2,BDM250040,MDPB-26-0154,,PD2606939,MATCHED,Data (Exact Proj+Item),BDM250040
item-172,Z630312Z124101,2-36-1 ปลอกสปริงตึงโซ่ 60,BDM250040,MDPB-26-0154,,PD2606940,MATCHED,Data (Exact Proj+Item),BDM250040
item-173,Z670215Z144115,2-36-2 Stif Plate,BDM250040,MDPB-26-0154,,PD2606941,MATCHED,Data (Exact Proj+Item),BDM250040
item-174,Z640000Z071000,1-17 แบบประกอบล้อขับ B-O-T,BDM250040,MDPB-26-0154,,PD2606942,MATCHED,Data (Exact Proj+Item),BDM250040
item-175,Z930103A011103,1-245 ลิ่ม 20 x 12 x 70mm,BDM250040,MDPB-26-0154,,PD2606943,MATCHED,Data (Exact Proj+Item),BDM250040
item-176,Z930103A011116,1-17 ล้อหลังBV (แบบใหม่),BDM250040,MDPB-26-0154,,PD2606944,MATCHED,Data (Exact Proj+Item),BDM250040
item-177,Z930101A011103,A0001-00-194 แผ่นปิดตุ๊กตาลูกปืนล้อตัวใน,BDM250040,MDPB-26-0154,,PD2606945,MATCHED,Data (Exact Proj+Item),BDM250040
item-178,Z930101A011107,A0001-00-196 แผ่นปิดตุ๊กตาลูกปืนล้อ,BDM250040,MDPB-26-0154,,PD2606946,MATCHED,Data (Exact Proj+Item),BDM250040
item-179,Z930101A011101,A0001-00-529 แบบประกอบตุ๊กตา,BDM250040,MDPB-26-0154,,PD2606947,MATCHED,Data (Exact Proj+Item),BDM250040
item-180,Z930101A011105,"A0001-00-197 ตุ๊กตาลูกปืนล้อ(BV,DC,สาขา)",BDM250040,MDPB-26-0154,,PD2606948,MATCHED,Data (Exact Proj+Item),BDM250040
item-181,Z930104A011101,1-18 เพลาขับ bot,BDM250040,MDPB-26-0154,,PD2606949,MATCHED,Data (Exact Proj+Item),BDM250040
item-182,Z930104A011103,1-200 ลิ่ม เพลาขับ bot,BDM250040,MDPB-26-0154,,PD2606950,MATCHED,Data (Exact Proj+Item),BDM250040
item-183,Z630312Z131000,2-29 แบบประกอบชุดตรึงโซ่ตัวล่าง RS #60-2,BDM250040,MDPB-26-0154,,PD2606951,MATCHED,Data (Exact Proj+Item),BDM250040
item-184,Z630312Z131100,2-31 แกนล็อคโซ่ล่าง Tsubaki RS #60-2,BDM250040,MDPB-26-0154,,PD2606952,MATCHED,Data (Exact Proj+Item),BDM250040
item-185,Z630312Z131200,2-32 mc ปลอกลดเสียง,BDM250040,MDPB-26-0154,,PD2606953,MATCHED,Data (Exact Proj+Item),BDM250040
item-186,Z930101A011127,ชุดล้อตาม SRM,BDM250040,MDPB-26-0154,,PD2606954,MATCHED,Data (Exact Proj+Item),BDM250040
item-187,Z930101A011128,1-15 แบบประกอบล้อหน้าBV(แบบใหม่),BDM250040,MDPB-26-0154,,PD2606955,MATCHED,Data (Exact Proj+Item),BDM250040
item-188,Z930101A021109,1-16 เพลาล้อหน้าBV(แบบใหม่),BDM250040,MDPB-26-0154,,PD2606956,MATCHED,Data (Exact Proj+Item),BDM250040
item-189,Z930101A021108,1-15 ล้อหน้าBV(แบบใหม่),BDM250040,MDPB-26-0154,,PD2606957,MATCHED,Data (Exact Proj+Item),BDM250040
item-190,B763026Z311000,Assy support drive wheel_Modify for Motor Rossi,MA2500047,(ไม่ระบุเครื่องจักร),PD2601354-PD2601382,PD2601354,MATCHED,Data (Exact Proj+Item),MA2500047
item-191,B763026A02431A,1-9 Plate support wheel 1,MA2500047,(ไม่ระบุเครื่องจักร),,,UNMATCHED (Standard Buy Part),,
item-192,B763026A02431B,1-10 Plate support wheel 2,MA2500047,(ไม่ระบุเครื่องจักร),,,UNMATCHED (Standard Buy Part),,
item-193,B763026A02431C,1-11 Plate support wheel 3,MA2500047,(ไม่ระบุเครื่องจักร),,,UNMATCHED (Standard Buy Part),,
item-194,B763026A02431E,1-13 Housing,MA2500047,(ไม่ระบุเครื่องจักร),,,UNMATCHED (Standard Buy Part),,
item-195,B763026Z321000,Assy support wheel_Modify for Motor Rossi,MA2500047,(ไม่ระบุเครื่องจักร),,PD2601355,MATCHED,Data (Exact Proj+Item),MA2500047
item-196,B131012A011600,1-48-Support Disc spring,MA2500047,(ไม่ระบุเครื่องจักร),,PD2601356,MATCHED,Data (Exact Proj+Item),MA2500047
item-197,B631526A011311,1-49 Support guide wheel,MA2500047,(ไม่ระบุเครื่องจักร),,PD2601357,MATCHED,Data (Exact Proj+Item),MA2500047
item-198,B763026A021600,1-71 Bush gear,MA2500047,(ไม่ระบุเครื่องจักร),,PD2601358,MATCHED,Data (Exact Proj+Item),MA2500047
item-199,B763026A021700,1-72 Torque arm,MA2500047,(ไม่ระบุเครื่องจักร),,PD2601359,MATCHED,Data (Exact Proj+Item),MA2500047
item-200,B763026A021800,1-77 Cover gear X,MA2500047,(ไม่ระบุเครื่องจักร),,PD2601360,MATCHED,Data (Exact Proj+Item),MA2500047
item-201,B763026A031600,1-24 Bush wheel 3,MA2500047,(ไม่ระบุเครื่องจักร),,PD2601361,MATCHED,Data (Exact Proj+Item),MA2500047
item-202,B763026A031700,1-25 Bush wheel 4,MA2500047,(ไม่ระบุเครื่องจักร),,PD2601362,MATCHED,Data (Exact Proj+Item),MA2500047
item-203,B763026A061300,1-83 Assy Torque arm,MA2500047,(ไม่ระบุเครื่องจักร),,PD2601363,MATCHED,Data (Exact Proj+Item),MA2500047
item-204,B763026Z171100,1-8 Weld support wheel_Modify PH,MA2500047,(ไม่ระบุเครื่องจักร),,PD2601364,MATCHED,Data (Exact Proj+Item),MA2500047
item-205,B763026Z171200,1-59 Weld Support Bottom Guide Wheel 2_Modify PH,MA2500047,(ไม่ระบุเครื่องจักร),,PD2601365,MATCHED,Data (Exact Proj+Item),MA2500047
item-206,B763026Z181100,1-8.4 Weld support wheel_Modify PH-02,MA2500047,(ไม่ระบุเครื่องจักร),,PD2601366,MATCHED,Data (Exact Proj+Item),MA2500047
item-207,B763026Z281000,1-44 Assy Bottom Guide Wheel-V2,MA2500047,(ไม่ระบุเครื่องจักร),,PD2601367,MATCHED,Data (Exact Proj+Item),MA2500047
item-208,B763026A024701,1-73 Plate torque arm 1,MA2500047,(ไม่ระบุเครื่องจักร),,PD2601368,MATCHED,Data (Exact Proj+Item),MA2500047
item-209,B763026A024703,1-75 Plate torque arm 3,MA2500047,(ไม่ระบุเครื่องจักร),,PD2601369,MATCHED,Data (Exact Proj+Item),MA2500047
item-210,B763026A024702,1-74 Plate torque arm 2,MA2500047,(ไม่ระบุเครื่องจักร),,PD2601370,MATCHED,Data (Exact Proj+Item),MA2500047
item-211,B763026A061301,1-84 Torque arm 2,MA2500047,(ไม่ระบุเครื่องจักร),,PD2601371,MATCHED,Data (Exact Proj+Item),MA2500047
item-212,B637521A01133B,1-27 Reaction bolt,MA2500047,(ไม่ระบุเครื่องจักร),,PD2601372,MATCHED,Data (Exact Proj+Item),MA2500047
item-213,B637521A01133C,1-28 Bush reaction bolt 1,MA2500047,(ไม่ระบุเครื่องจักร),,PD2601373,MATCHED,Data (Exact Proj+Item),MA2500047
item-214,B637521A01133D,1-29 Bush reaction bolt 2,MA2500047,(ไม่ระบุเครื่องจักร),,PD2601374,MATCHED,Data (Exact Proj+Item),MA2500047
item-215,B763026Z174101,Plate Merg-01,MA2500047,(ไม่ระบุเครื่องจักร),,PD2601375,MATCHED,Data (Exact Proj+Item),MA2500047
item-216,B631526A0143BE,1-35 Plate support wheel 5,MA2500047,(ไม่ระบุเครื่องจักร),,PD2601376,MATCHED,Data (Exact Proj+Item),MA2500047
item-217,B763026Z174102,1-34 Plate support wheel 4_Modify PH,MA2500047,(ไม่ระบุเครื่องจักร),,PD2601377,MATCHED,Data (Exact Proj+Item),MA2500047
item-218,B763026Z281100,1-45 Guide wheel-V2,MA2500047,(ไม่ระบุเครื่องจักร),,PD2601378,MATCHED,Data (Exact Proj+Item),MA2500047
item-219,B763026Z281200,1-46 Shaft guide wheel-V2,MA2500047,(ไม่ระบุเครื่องจักร),,PD2601379,MATCHED,Data (Exact Proj+Item),MA2500047
item-220,B763026Z281300,1-47 Bush guide wheel 1-V2,MA2500047,(ไม่ระบุเครื่องจักร),,PD2601380,MATCHED,Data (Exact Proj+Item),MA2500047
item-221,B763026Z281400,1-48 Bush guide wheel 2-V2,MA2500047,(ไม่ระบุเครื่องจักร),,PD2601381,MATCHED,Data (Exact Proj+Item),MA2500047
item-222,B763026Z281500,Plate cover,MA2500047,(ไม่ระบุเครื่องจักร),,PD2601382,MATCHED,Data (Exact Proj+Item),MA2500047
item-223,B763026A031400,1-22 Wheel,MA2500047,(ไม่ระบุเครื่องจักร),,"PD2601355, PD2601354",MATCHED,Plan+Mat (Exact Proj+Item),MA2500047
item-224,B763026A031303,1-14 Shaft for Drive Wheel 2,MA2500047,(ไม่ระบุเครื่องจักร),,PD2601354,MATCHED,Plan+Mat (Exact Proj+Item),MA2500047
item-225,B763026A021306,1-18 Suppport bearing 1,MA2500047,(ไม่ระบุเครื่องจักร),,"PD2601355, PD2601354",MATCHED,Plan+Mat (Exact Proj+Item),MA2500047
item-226,B763026A021307,1-19 Suppport bearing 2,MA2500047,(ไม่ระบุเครื่องจักร),,"PD2601355, PD2601354",MATCHED,Plan+Mat (Exact Proj+Item),MA2500047
item-227,B763026Z211000,1-22 Bush Bolt,MA2500047,(ไม่ระบุเครื่องจักร),,,UNMATCHED (Standard Buy Part),,
item-228,B631526A011302,1-51 Assy cleaning rubber,MA2500047,(ไม่ระบุเครื่องจักร),,PD2604593,MATCHED,Data (Item Code),SO2600001
item-229,B631526A01132A,1-52 Cleaning rubber,MA2500047,(ไม่ระบุเครื่องจักร),,PD2604612,MATCHED,Data (Item Code),SO2600001
item-230,B631526A01132B,1-53 Plate cleaning rubber,MA2500047,(ไม่ระบุเครื่องจักร),,PD2604613,MATCHED,Data (Item Code),SO2600001
item-231,B631526A01132C,1-54 Bush cleaning rubber,MA2500047,(ไม่ระบุเครื่องจักร),,PD2604614,MATCHED,Data (Item Code),SO2600001
item-232,B763026A031304,1-15 Shaft for Idel Wheel 2,MA2500047,(ไม่ระบุเครื่องจักร),,PD2601355,MATCHED,Plan+Mat (Exact Proj+Item),MA2500047
item-233,B9420230504401,A0001-06-033 ปลอกสไลด์,BDM250041,MDPB-26-0135,PD2605611,"PD2600217, PD2520032",MATCHED,Data (Item Code),SO2500003
item-234,B9420230599405,A0001-06-061 แหวนรองหัวสปริง,BDM250041,MDPB-26-0135,PD2605612,"PD2600218, PD2520037",MATCHED,Data (Item Code),SO2500003
item-235,2140201000,แหวนสปริง ชุบ M 10,BDM250041,MDPB-26-0135,,"PD2608223, PD2608222, PD2608214 (+398 คำสั่งผลิต)",MATCHED,Plan+Mat (Item/Mat Code),
item-236,2260519100,สกรูหัวหกเหลี่ยม M10X1.5 X90 MM ชุบซิงค์ แข็ง 8.8,BDM250041,MDPB-26-0135,,"PD2606186, PD2606038, PD2605841 (+8 คำสั่งผลิต)",MATCHED,Plan+Mat (Item/Mat Code),SO2500003
item-237,2512301000,สปริงกด ลวด 3MM นอก 25MM ใน19MM ยาว65MM (D-48),BDM250041,MDPB-26-0135,,"PD2600215, PD2520244",MATCHED,Plan+Mat (Item/Mat Code),SO2500003
item-238,B631526A011303,1-37 Shaft for Drive Wheel 1,BDM260002,MDPB-26-0063,PD2605058-PD2605060,,UNMATCHED (Standard Buy Part),,
item-239,B631526A011304,1-38 Shaft for Idel Wheel 1,BDM260002,MDPB-26-0063,,PD2604595,MATCHED,Data (Item Code),SO2600001
item-240,B631526A011313,1-36 Wheel,BDM260002,MDPB-26-0063,,,UNMATCHED (Standard Buy Part),,
item-241,2T20200000,ตลับลูกปืน 22220EAD1C3,BDM260002,MDPB-26-0063,,"PD2604568, PD2604567, PD2601355 (+3 คำสั่งผลิต)",MATCHED,Plan+Mat (Item/Mat Code),MA2400053
item-242,2C00800001,POWER LOCK PL120X165 AD-N TSUBAKI,BDM260002,MDPB-26-0063,,"PD2604568, PD2604567, PD2601355 (+3 คำสั่งผลิต)",MATCHED,Plan+Mat (Item/Mat Code),MA2400053
item-243,2A01500001,LOCK WASHER AW20 NTN,BDM260002,MDPB-26-0063,,"PD2604568, PD2604567, PD2601355 (+3 คำสั่งผลิต)",MATCHED,Plan+Mat (Item/Mat Code),MA2400053
item-244,2991400001,LOCK NUT AN20 NTN,BDM260002,MDPB-26-0063,,"PD2604568, PD2604567, PD2601355 (+3 คำสั่งผลิต)",MATCHED,Plan+Mat (Item/Mat Code),MA2400053
item-245,2234100000,ซีลน้ำมัน TC 120-160-12 NBR,BDM260002,MDPB-26-0063,,"PD2604568, PD2604567, PD2601355 (+3 คำสั่งผลิต)",MATCHED,Plan+Mat (Item/Mat Code),MA2400053
item-246,2480406400,สกรูหัวจม M8x1.25 x30 mm รมดำ แข็ง 12,BDM260002,MDPB-26-0063,,,UNMATCHED (Standard Buy Part),,
item-247,2480813100,สกรูหัวจม M16X2 X60 MM ชุบซิงค์ แข็ง12.9,BDM260002,MDPB-26-0063,,"PD2604566, PD2601355, PD2601354 (+2 คำสั่งผลิต)",MATCHED,Plan+Mat (Item/Mat Code),MA2400053
item-248,C211A15I011501,IJ-01-1 แผ่นยึด Sensor+แผ่นสะท้อน-45,SV2600006,MDPB-26-0140,PD2605614,,UNMATCHED (Standard Buy Part),,
item-249,A910612J01121E,05-110 เพลาขับเพลาหกเหลี่ยม,WM2600003,MDPB-26-0147,PD2605613,,UNMATCHED (Standard Buy Part),,
item-250,B763026Z371000,1-00 Ass'y Bottom Guide Wheel -บ่อวิน_2025,MA2500045,MDPB-26-0145,PD2605978 - PD2605990,,UNMATCHED (Standard Buy Part),,
item-251,B763026Z371100,1-01 Weld Support Bottom Guide Wheel -บ่อวิน_2025,MA2500045,MDPB-26-0145,,,UNMATCHED (Standard Buy Part),,
item-252,B763026Z374104,1-04 Plate for Support Bottom Guide Wheel -บ่อวิน_2025,MA2500045,MDPB-26-0145,,,UNMATCHED (Standard Buy Part),,
item-253,B763026Z374101,1-05 Plate for Support Bottom Guide Wheel -บ่อวิน_2025,MA2500045,MDPB-26-0145,,,UNMATCHED (Standard Buy Part),,
item-254,B763026Z374102,1-06 Plate for Support Bottom Guide Wheel -บ่อวิน_2025,MA2500045,MDPB-26-0145,,,UNMATCHED (Standard Buy Part),,
item-255,B763026Z374103,1-02 Plate for Support Bottom Guide Wheel -บ่อวิน_2025,MA2500045,MDPB-26-0145,,,UNMATCHED (Standard Buy Part),,
item-256,B763026Z271000,2-00-00 Ass'y Support Distant,MA2500045,MDPB-26-0145,,,UNMATCHED (Standard Buy Part),,
item-257,B763026Z271100,2-00-2 Plate Support Distant 2,MA2500045,MDPB-26-0145,,,UNMATCHED (Standard Buy Part),,
item-258,B763026Z271200,2-00-01 Plate Support Distant 1,MA2500045,MDPB-26-0145,,,UNMATCHED (Standard Buy Part),,
item-259,B763026Z271300,2-00-3 Support Distant 3,MA2500045,MDPB-26-0145,,,UNMATCHED (Standard Buy Part),,
item-260,B763026Z271400,2-00-4 Support Distant 4,MA2500045,MDPB-26-0145,,,UNMATCHED (Standard Buy Part),,
item-261,B763026Z271500,2-00-5 Support Distant 5,MA2500045,MDPB-26-0145,,,UNMATCHED (Standard Buy Part),,
item-262,B763026Z271600,2-00-6 Support Distant 6,MA2500045,MDPB-26-0145,,,UNMATCHED (Standard Buy Part),,
item-263,E1000000002T12,REMOTE MANUAL CONTROL,BDM250028,MDPB-26-0123,PD2605977,,UNMATCHED (Standard Buy Part),,
item-264,Z6K0000Z201000,04-95 หัวยึดกระบอกไฮดรอลิค-2(Modify),MA2600014,MDPB-26-0163,PD2607201,,UNMATCHED (Standard Buy Part),,
item-265,Z620000Z031101,D0-00 ชุดฐานล้อ (บุญถาวร),BDM250028,MDPB-26-0161,PD2607205-PD2607213,PD2607205,MATCHED,Data (Exact Proj+Item),BDM250028
item-266,R311014E013100,EA-01 ชุดอัด Bearing Swing ล้อ RGV,BDM250028,MDPB-26-0161,,PD2607206,MATCHED,Data (Exact Proj+Item),BDM250028
item-267,Z620000Z031102,EC-02 ชุดเพลา Swing ล้อ RGV บุญถาวร,BDM250028,MDPB-26-0161,,PD2607207,MATCHED,Data (Exact Proj+Item),BDM250028
item-268,R311014E011101,EB-01 ดุม Bearing Swing ล้อ RGV,BDM250028,MDPB-26-0161,,PD2607208,MATCHED,Data (Exact Proj+Item),BDM250028
item-269,R321014A0111DB,EB-02 Bush ดุม Bearing Swing ล้อ RGV,BDM250028,MDPB-26-0161,,PD2607209,MATCHED,Data (Exact Proj+Item),BDM250028
item-270,Z620000Z031103,EE-02 เพลา Swing ล้อ RGV บุญถาวร,BDM250028,MDPB-26-0161,,PD2607210,MATCHED,Data (Exact Proj+Item),BDM250028
item-271,R311014E01421A,EE-01-1 เพลา Swing ล้อ (Plate),BDM250028,MDPB-26-0161,,PD2607211,MATCHED,Data (Exact Proj+Item),BDM250028
item-272,Z620000Z034101,EE-02-2 เพลาชุด Swing ล้อ (Shalf) บุญถาวร,BDM250028,MDPB-26-0161,,PD2607212,MATCHED,Data (Exact Proj+Item),BDM250028
item-273,R311014E011202,EF-01 แผ่นปิดเพลา Swing ล้อ RGV,BDM250028,MDPB-26-0161,,PD2607213,MATCHED,Data (Exact Proj+Item),BDM250028
item-274,B9420230199401,A0001-00-093 BUSH ดันเฟืองโซ่ล่าง,BDM260010,MDPB-26-0170,PD2607324-PD2607328,PD2607324,MATCHED,Data (Exact Proj+Item),BDM260010
item-275,Z6F0100A011105,A0001-03-131 แบบประกอบชุดเฟืองโซ่คู่,BDM260010,MDPB-26-0170,,PD2607325,MATCHED,Data (Exact Proj+Item),BDM260010
item-276,B9420230108401,A0001-00-085 แกนยึดเฟืองโซ่ ตัวล่างคู่2,BDM260011,MDPB-26-0170,,"PD2607326, PD2607042",MATCHED,Data (Item Code),
item-277,B9420230700100,A0001-03-116 ประกอบลูกปืนเฟือง 15 ฟัน,BDM260012,MDPB-26-0170,,PD2607327,MATCHED,Data (Item Code),BDM260010
item-278,B9420230099401,A0001-00-092 Bush เฟืองโซ่ล่าง 2,BDM260013,MDPB-26-0170,,PD2607328,MATCHED,Data (Item Code),BDM260010
item-279,J121012Z051000,SC-04-3 Assy Drive Wheel-1_Modify,BDM250012,MDPB-26-0173,PD2607372-PD2607373,PD2607372,MATCHED,Data (Exact Proj+Item),BDM250012
item-280,J121012Z051100,SC-04-3 Wheel-1_Modify,BDM250012,MDPB-26-0173,,PD2607373,MATCHED,Data (Exact Proj+Item),BDM250012
item-281,B9420230502409,A0001-06-044 ฐานเซ็นเซอร์,BDM260009,MDPB-26-0184,PD2607559,,UNMATCHED (Standard Buy Part),,
item-282,2480301300,สกรูหัวจม M6x1 x10 mm รมดำ,BDM260009,MDPB-26-0184,,PD2604801,MATCHED,Plan+Mat (Item/Mat Code),WM2600002
item-283,2140114000,แหวนสปริง เหล็ก M6,BDM260009,MDPB-26-0184,,,UNMATCHED (Standard Buy Part),,
item-284,2150115000,แหวนอีแปะ ชุบ M6,BDM260009,MDPB-26-0184,,"PD2608180, PD2608176, PD2608128 (+287 คำสั่งผลิต)",MATCHED,Plan+Mat (Item/Mat Code),AS2300009
item-285,Z8M0000Z061000,01-1-Weld top rail Crane-1,SR2500002,MDPB-26-0141,PD2605582 - PD2605584,,UNMATCHED (Standard Buy Part),,
item-286,2O20601000,RUBBER BUFFER MODEL : NV54-A-17 DIA 160,SR2500002,MDPB-26-0141,,,UNMATCHED (Standard Buy Part),,
item-287,7020204104,เทปกันลื่น สีดำ ANTI SLIP TAPE หน้ากว้าง 50CM. ยาว 18M,SR2500002,MDPB-26-0141,,,UNMATCHED (Standard Buy Part),,
item-288,B631526C011301,3-106 Plate sensor 3,SR2500002,MDPB-26-0141,PD2605585,,UNMATCHED (Standard Buy Part),,
item-289,F340113100,เซนเซอร์ แบบ PHOTO S3Z-PR-2-M01-NL DIFFUSE 0-700MM,SR2500002,MDPB-26-0141,,PD2602455,MATCHED,Plan+Mat (Item/Mat Code),SO2500003
item-290,R311014E011000,E0-00 ชุดฐานล้อ,BDM260010,MDPB-26-0101,PD2603220-3228,PD2603220,MATCHED,Data (Exact Proj+Item),BDM260010
item-291,F300109301,มอเตอร์ ติดเบรค 1.5 KW 4P B5 (EMCO) 32 NM. SF3.2 (,BDM260010,MDPB-26-0101,,,UNMATCHED (Standard Buy Part),,
item-292,2850105001,เกียร์ทด MRCI 63UO3A-24X200 ROSSI,BDM260010,MDPB-26-0101,,,UNMATCHED (Standard Buy Part),,
item-293,F361001003,อินเวอร์เตอร์ FR-E740 1.5KW 380V MITSUBISHI,BDM260010,MDPB-26-0101,,,UNMATCHED (Standard Buy Part),,
item-294,F363500003,"อินเวอร์เตอร์ FR-E840-2.2K-1 E800 SERIES , 400V",BDM260010,MDPB-26-0101,,,UNMATCHED (Standard Buy Part),,
item-295,F360314003,อินเวอร์เตอร์ FR-D740 1.5KW.380V 380V MITSUBISHI,BDM260010,MDPB-26-0101,,"PD2607315, PD2607314",MATCHED,Plan+Mat (Item/Mat Code),SV2600019
item-296,B231780J011100,Cam Follower 12-1BUUR (Daft),BDM240026,(ไม่ระบุเครื่องจักร),PD2607216,PD2607216,MATCHED,Data (Exact Proj+Item),BDM240026
item-297,Z6C0112A011102,A0001-03-029 เพลาล้อหน้า,SR2600017,MDPB-26-0186,PD2607600-PD2607614,PD2607600,MATCHED,Data (Exact Proj+Item),SR2600017
item-298,Z6C0112A011103,A0001-03-030 ล้อหน้า,SR2600017,MDPB-26-0186,,PD2607601,MATCHED,Data (Exact Proj+Item),SR2600017
item-299,Z6C0112A021102,A0001-00-105 ลิ่ม 20x12x60,SR2600017,MDPB-26-0186,,PD2607602,MATCHED,Data (Exact Proj+Item),SR2600017
item-300,Z6C0112A021103,A0001-03-013 เพลาขับแกน X,SR2600017,MDPB-26-0186,,PD2607603,MATCHED,Data (Exact Proj+Item),SR2600017
item-301,Z6C0112A021104,A0001-03-015 ล้อหลัง,SR2600017,MDPB-26-0186,,PD2607604,MATCHED,Data (Exact Proj+Item),SR2600017
item-302,Z6C0112A021105,A0001-00-106 ลื่มใหม่,SR2600017,MDPB-26-0186,,PD2607605,MATCHED,Data (Exact Proj+Item),SR2600017
item-303,Z6C0112A011101,A0001-03-109 ประกอบล้อหน้ากับเพลา,SR2600017,MDPB-26-0186,,PD2607606,MATCHED,Data (Exact Proj+Item),SR2600017
item-304,Z6C0112A021101,A0001-03-108 ประกอบล้อหลังกับเพลา,SR2600017,MDPB-26-0186,,PD2607607,MATCHED,Data (Exact Proj+Item),SR2600017
item-305,Z670215Z091106,Plate Shim ID.65.2 OD.85 mm.( 0.5 mm.),SR2600017,MDPB-26-0186,,PD2607608,MATCHED,Data (Exact Proj+Item),SR2600017
item-306,B9420230107402,A0001-05-054 สลักล้อประครองหน้า,SR2600017,MDPB-26-0186,,PD2607609,MATCHED,Data (Exact Proj+Item),SR2600017
item-307,B9420230107404,A0001-00-119 ฝาปิดล้อประครองข้าง,SR2600017,MDPB-26-0186,,PD2607610,MATCHED,Data (Exact Proj+Item),SR2600017
item-308,B942023Z041101,A0001-05-118 BUSH สลักล้อประคอง,SR2600017,MDPB-26-0186,,PD2607611,MATCHED,Data (Exact Proj+Item),SR2600017
item-309,B942023Z041102,A0001-05-118 BUSH ลูกปืน,SR2600017,MDPB-26-0186,,PD2607612,MATCHED,Data (Exact Proj+Item),SR2600017
item-310,Z6F0100A011103,A0001-05-114-1 ประกอบล้อประคองล่าง,SR2600017,MDPB-26-0186,,PD2607613,MATCHED,Data (Exact Proj+Item),SR2600017
item-311,Z930103A011124,1-23 ล้อประคองหน้า,SR2600017,MDPB-26-0186,,PD2607614,MATCHED,Data (Exact Proj+Item),SR2600017
item-312,Z620000Z221000,JP-01 Jig Pallet,BDM250028,MDPB-26-0188,PD2607632-PD2607644,PD2607632,MATCHED,Data (Exact Proj+Item),BDM250028
item-313,Z620000Z231000,00-68 การ์ดแบบพับ 4 รู ขยายขนาด,BDM250028,MDPB-26-0188,,PD2607633,MATCHED,Data (Exact Proj+Item),BDM250028
item-314,Z620000Z241000,Shim MC เสริมการ์ด,BDM250028,MDPB-26-0188,,PD2607634,MATCHED,Data (Exact Proj+Item),BDM250028
item-315,C1N1A18A031300,A0-04 ขา Support งา Forklift AAI,BDM250028,MDPB-26-0188,,PD2607635,MATCHED,Data (Exact Proj+Item),BDM250028
item-316,Z620000Z221100,JP-01-1 Weld Jig Pallet,BDM250028,MDPB-26-0188,,PD2607636,MATCHED,Data (Exact Proj+Item),BDM250028
item-317,Z620000Z221200,A0-03 ขา Support Jig Pallet,BDM250028,MDPB-26-0188,,PD2607637,MATCHED,Data (Exact Proj+Item),BDM250028
item-318,Z620000Z234100,00-68 เพทเสริมการ์ดแบบพับ 4 รู ขยายขนาด,BDM250028,MDPB-26-0188,,PD2607638,MATCHED,Data (Exact Proj+Item),BDM250028
item-319,Z620000Z234101,00-69 การ์ดแบบที่ 4 -2 ขยายขนาด,BDM250028,MDPB-26-0188,,PD2607639,MATCHED,Data (Exact Proj+Item),BDM250028
item-320,C1N1A18A034301,A0-04-1 ขา Support งา Forklift AAI,BDM250028,MDPB-26-0188,,PD2607640,MATCHED,Data (Exact Proj+Item),BDM250028
item-321,C1N1A18A034302,A0-04-2 ขา Support งา Forklift AAI,BDM250028,MDPB-26-0188,,PD2607641,MATCHED,Data (Exact Proj+Item),BDM250028
item-322,Z620000Z224103,JP-01-1-3 แผ่นพับจิ๊กพาเลท,BDM250028,MDPB-26-0188,,PD2607642,MATCHED,Data (Exact Proj+Item),BDM250028
item-323,Z620000Z224105,JP-01-1-5 Plat Adjust,BDM250028,MDPB-26-0188,,PD2607643,MATCHED,Data (Exact Proj+Item),BDM250028
item-324,Z620000Z224104,JP-01-1-4 Plat Support Jig,BDM250028,MDPB-26-0188,,PD2607644,MATCHED,Data (Exact Proj+Item),BDM250028
item-325,Z640000Z041600,5-36 แบบประกอบล้อ,BDM250040,MDPB-26-0190,PD2607674-PD2607679,PD2607674,MATCHED,Data (Exact Proj+Item),BDM250040
item-326,Z640000Z041200,5-37 ล้อประคองเสา,BDM250040,MDPB-26-0190,,PD2607675,MATCHED,Data (Exact Proj+Item),BDM250040
item-327,Z930103A011132,2-24 ชุดล้อข้าง,BDM250040,MDPB-26-0190,,PD2607676,MATCHED,Data (Exact Proj+Item),BDM250040
item-328,Z930103A011112,2-26 ล้อประคองกระเช้าปรับใหม่,BDM250040,MDPB-26-0190,,PD2607677,MATCHED,Data (Exact Proj+Item),BDM250040
item-329,Z930103A011113,2-27 แกนเพลาล้อข้างปรับใหม่,BDM250040,MDPB-26-0190,,PD2607678,MATCHED,Data (Exact Proj+Item),BDM250040
item-330,Z930103A011110,2-21 ล้อประครองกระเช้า MC,BDM250040,MDPB-26-0190,,PD2607679,MATCHED,Data (Exact Proj+Item),BDM250040
item-331,B231780A011200,01-19 Wheel test,BDM260013,MDPB-26-0191,PD2607680-PD2607682,PD2607680,MATCHED,Data (Exact Proj+Item),BDM260013
item-332,B231780A011500,01-22 Shaft for Drive Wheel,BDM260013,MDPB-26-0191,,PD2607681,MATCHED,Data (Exact Proj+Item),BDM260013
item-333,B231780A011600,01-23 Shaft for Idel Wheel,BDM260013,MDPB-26-0191,,PD2607682,MATCHED,Data (Exact Proj+Item),BDM260013
